Country Name,Country Code,Series Name,Series Code,2015 [YR2015]
Netherlands,NLD,"Foreign direct investment, net (BoP, current US$)",BN.KLT.DINV.CD,31592654988.9569
Afghanistan,AFG,"Foreign direct investment, net (BoP, current US$)",BN.KLT.DINV.CD,-166983554.911685
Africa Eastern and Southern,AFE,"Foreign direct investment, net (BoP, current US$)",BN.KLT.DINV.CD,..
Africa Western and Central,AFW,"Foreign direct investment, net (BoP, current US$)",BN.KLT.DINV.CD,..
Albania,ALB,"Foreign direct investment, net (BoP, current US$)",BN.KLT.DINV.CD,-910256725.971613
Algeria,DZA,"Foreign direct investment, net (BoP, current US$)",BN.KLT.DINV.CD,638915215.34559
American Samoa,ASM,"Foreign direct investment, net (BoP, current US$)",BN.KLT.DINV.CD,..
Andorra,AND,"Foreign direct investment, net (BoP, current US$)",BN.KLT.DINV.CD,..
Angola,AGO,"Foreign direct investment, net (BoP, current US$)",BN.KLT.DINV.CD,-10813085379.2657
Antigua and Barbuda,ATG,"Foreign direct investment, net (BoP, current US$)",BN.KLT.DINV.CD,-99949131.3440363
Arab World,ARB,"Foreign direct investment, net (BoP, current US$)",BN.KLT.DINV.CD,..
Argentina,ARG,"Foreign direct investment, net (BoP, current US$)",BN.KLT.DINV.CD,-10883760783.9318
Armenia,ARM,"Foreign direct investment, net (BoP, current US$)",BN.KLT.DINV.CD,-155376061.98069
Aruba,ABW,"Foreign direct investment, net (BoP, current US$)",BN.KLT.DINV.CD,37200481.5606372
Australia,AUS,"Foreign direct investment, net (BoP, current US$)",BN.KLT.DINV.CD,-38634724989.9104
Austria,AUT,"Foreign direct investment, net (BoP, current US$)",BN.KLT.DINV.CD,6171640564.49511
Azerbaijan,AZE,"Foreign direct investment, net (BoP, current US$)",BN.KLT.DINV.CD,-838252000
"Bahamas, The",BHS,"Foreign direct investment, net (BoP, current US$)",BN.KLT.DINV.CD,-76075924.75
Bahrain,BHR,"Foreign direct investment, net (BoP, current US$)",BN.KLT.DINV.CD,3126063829.78723
Bangladesh,BGD,"Foreign direct investment, net (BoP, current US$)",BN.KLT.DINV.CD,-2771250741.40178
Barbados,BRB,"Foreign direct investment, net (BoP, current US$)",BN.KLT.DINV.CD,-366328937.704148
Belarus,BLR,"Foreign direct investment, net (BoP, current US$)",BN.KLT.DINV.CD,-1545700000
Belgium,BEL,"Foreign direct investment, net (BoP, current US$)",BN.KLT.DINV.CD,26844377439.2661
Belize,BLZ,"Foreign direct investment, net (BoP, current US$)",BN.KLT.DINV.CD,-58649340.1251989
Benin,BEN,"Foreign direct investment, net (BoP, current US$)",BN.KLT.DINV.CD,-117056378.004949
Bermuda,BMU,"Foreign direct investment, net (BoP, current US$)",BN.KLT.DINV.CD,58627864.425454
Bhutan,BTN,"Foreign direct investment, net (BoP, current US$)",BN.KLT.DINV.CD,-6450953.84974429
Bolivia,BOL,"Foreign direct investment, net (BoP, current US$)",BN.KLT.DINV.CD,-556430243.093449
Bosnia and Herzegovina,BIH,"Foreign direct investment, net (BoP, current US$)",BN.KLT.DINV.CD,-288355804.376773
Botswana,BWA,"Foreign direct investment, net (BoP, current US$)",BN.KLT.DINV.CD,-195308867.002062
Brazil,BRA,"Foreign direct investment, net (BoP, current US$)",BN.KLT.DINV.CD,-61604176364.71
British Virgin Islands,VGB,"Foreign direct investment, net (BoP, current US$)",BN.KLT.DINV.CD,..
Brunei Darussalam,BRN,"Foreign direct investment, net (BoP, current US$)",BN.KLT.DINV.CD,-171289167.823995
Bulgaria,BGR,"Foreign direct investment, net (BoP, current US$)",BN.KLT.DINV.CD,-2098190000
Burkina Faso,BFA,"Foreign direct investment, net (BoP, current US$)",BN.KLT.DINV.CD,-217796773.033046
Burundi,BDI,"Foreign direct investment, net (BoP, current US$)",BN.KLT.DINV.CD,-7254430.56976757
Cabo Verde,CPV,"Foreign direct investment, net (BoP, current US$)",BN.KLT.DINV.CD,-111989153.507983
Cambodia,KHM,"Foreign direct investment, net (BoP, current US$)",BN.KLT.DINV.CD,-1735043113.24523
Cameroon,CMR,"Foreign direct investment, net (BoP, current US$)",BN.KLT.DINV.CD,-638519165.449774
Canada,CAN,"Foreign direct investment, net (BoP, current US$)",BN.KLT.DINV.CD,23927632715.3373
Caribbean small states,CSS,"Foreign direct investment, net (BoP, current US$)",BN.KLT.DINV.CD,..
Cayman Islands,CYM,"Foreign direct investment, net (BoP, current US$)",BN.KLT.DINV.CD,..
Central African Republic,CAF,"Foreign direct investment, net (BoP, current US$)",BN.KLT.DINV.CD,..
Central Europe and the Baltics,CEB,"Foreign direct investment, net (BoP, current US$)",BN.KLT.DINV.CD,..
Chad,TCD,"Foreign direct investment, net (BoP, current US$)",BN.KLT.DINV.CD,..
Channel Islands,CHI,"Foreign direct investment, net (BoP, current US$)",BN.KLT.DINV.CD,..
Chile,CHL,"Foreign direct investment, net (BoP, current US$)",BN.KLT.DINV.CD,-1915152095.71277
China,CHN,"Foreign direct investment, net (BoP, current US$)",BN.KLT.DINV.CD,-68098649764.7788
Colombia,COL,"Foreign direct investment, net (BoP, current US$)",BN.KLT.DINV.CD,-7402796209.71045
Comoros,COM,"Foreign direct investment, net (BoP, current US$)",BN.KLT.DINV.CD,-4936699.51044481
"Congo, Dem. Rep.",COD,"Foreign direct investment, net (BoP, current US$)",BN.KLT.DINV.CD,-1165720010.30767
"Congo, Rep.",COG,"Foreign direct investment, net (BoP, current US$)",BN.KLT.DINV.CD,-3730406565.91486
Costa Rica,CRI,"Foreign direct investment, net (BoP, current US$)",BN.KLT.DINV.CD,-2541308963.6613
Cote d'Ivoire,CIV,"Foreign direct investment, net (BoP, current US$)",BN.KLT.DINV.CD,-480000380.520798
Croatia,HRV,"Foreign direct investment, net (BoP, current US$)",BN.KLT.DINV.CD,-573685653.023771
Cuba,CUB,"Foreign direct investment, net (BoP, current US$)",BN.KLT.DINV.CD,..
Curacao,CUW,"Foreign direct investment, net (BoP, current US$)",BN.KLT.DINV.CD,-127804469.273743
Cyprus,CYP,"Foreign direct investment, net (BoP, current US$)",BN.KLT.DINV.CD,11529771271.5615
Czechia,CZE,"Foreign direct investment, net (BoP, current US$)",BN.KLT.DINV.CD,2026234172.19674
Denmark,DNK,"Foreign direct investment, net (BoP, current US$)",BN.KLT.DINV.CD,5642339768.00211
Djibouti,DJI,"Foreign direct investment, net (BoP, current US$)",BN.KLT.DINV.CD,-143832186.404533
Dominica,DMA,"Foreign direct investment, net (BoP, current US$)",BN.KLT.DINV.CD,-18664593.2496296
Dominican Republic,DOM,"Foreign direct investment, net (BoP, current US$)",BN.KLT.DINV.CD,-2204900000
Early-demographic dividend,EAR,"Foreign direct investment, net (BoP, current US$)",BN.KLT.DINV.CD,..
East Asia & Pacific,EAS,"Foreign direct investment, net (BoP, current US$)",BN.KLT.DINV.CD,..
East Asia & Pacific (excluding high income),EAP,"Foreign direct investment, net (BoP, current US$)",BN.KLT.DINV.CD,..
East Asia & Pacific (IDA & IBRD countries),TEA,"Foreign direct investment, net (BoP, current US$)",BN.KLT.DINV.CD,..
Ecuador,ECU,"Foreign direct investment, net (BoP, current US$)",BN.KLT.DINV.CD,-1322701337.30748
"Egypt, Arab Rep.",EGY,"Foreign direct investment, net (BoP, current US$)",BN.KLT.DINV.CD,-6743500000
El Salvador,SLV,"Foreign direct investment, net (BoP, current US$)",BN.KLT.DINV.CD,-396350024.042298
Equatorial Guinea,GNQ,"Foreign direct investment, net (BoP, current US$)",BN.KLT.DINV.CD,..
Eritrea,ERI,"Foreign direct investment, net (BoP, current US$)",BN.KLT.DINV.CD,..
Estonia,EST,"Foreign direct investment, net (BoP, current US$)",BN.KLT.DINV.CD,140346638.373735
Eswatini,SWZ,"Foreign direct investment, net (BoP, current US$)",BN.KLT.DINV.CD,-32719601.2085192
Ethiopia,ETH,"Foreign direct investment, net (BoP, current US$)",BN.KLT.DINV.CD,-2626517918.313
Euro area,EMU,"Foreign direct investment, net (BoP, current US$)",BN.KLT.DINV.CD,272445184999.938
Europe & Central Asia,ECS,"Foreign direct investment, net (BoP, current US$)",BN.KLT.DINV.CD,..
Europe & Central Asia (excluding high income),ECA,"Foreign direct investment, net (BoP, current US$)",BN.KLT.DINV.CD,..
Europe & Central Asia (IDA & IBRD countries),TEC,"Foreign direct investment, net (BoP, current US$)",BN.KLT.DINV.CD,..
European Union,EUU,"Foreign direct investment, net (BoP, current US$)",BN.KLT.DINV.CD,..
Faroe Islands,FRO,"Foreign direct investment, net (BoP, current US$)",BN.KLT.DINV.CD,..
Fiji,FJI,"Foreign direct investment, net (BoP, current US$)",BN.KLT.DINV.CD,-239314277.211572
Finland,FIN,"Foreign direct investment, net (BoP, current US$)",BN.KLT.DINV.CD,-18023726570.0924
Fragile and conflict affected situations,FCS,"Foreign direct investment, net (BoP, current US$)",BN.KLT.DINV.CD,..
France,FRA,"Foreign direct investment, net (BoP, current US$)",BN.KLT.DINV.CD,36130892033.2982
French Polynesia,PYF,"Foreign direct investment, net (BoP, current US$)",BN.KLT.DINV.CD,-3267219.21939577
Gabon,GAB,"Foreign direct investment, net (BoP, current US$)",BN.KLT.DINV.CD,-25253212.3377691
"Gambia, The",GMB,"Foreign direct investment, net (BoP, current US$)",BN.KLT.DINV.CD,-74230000
Georgia,GEO,"Foreign direct investment, net (BoP, current US$)",BN.KLT.DINV.CD,-1419607447.2
Germany,DEU,"Foreign direct investment, net (BoP, current US$)",BN.KLT.DINV.CD,56842205697.6296
Ghana,GHA,"Foreign direct investment, net (BoP, current US$)",BN.KLT.DINV.CD,-2970893676.55992
Gibraltar,GIB,"Foreign direct investment, net (BoP, current US$)",BN.KLT.DINV.CD,..
Greece,GRC,"Foreign direct investment, net (BoP, current US$)",BN.KLT.DINV.CD,313664376.493594
Greenland,GRL,"Foreign direct investment, net (BoP, current US$)",BN.KLT.DINV.CD,..
Grenada,GRD,"Foreign direct investment, net (BoP, current US$)",BN.KLT.DINV.CD,-135207147.804815
Guam,GUM,"Foreign direct investment, net (BoP, current US$)",BN.KLT.DINV.CD,..
Guatemala,GTM,"Foreign direct investment, net (BoP, current US$)",BN.KLT.DINV.CD,-1048092040
Guinea,GIN,"Foreign direct investment, net (BoP, current US$)",BN.KLT.DINV.CD,-48257258.4212994
Guinea-Bissau,GNB,"Foreign direct investment, net (BoP, current US$)",BN.KLT.DINV.CD,-16230041.4122476
Guyana,GUY,"Foreign direct investment, net (BoP, current US$)",BN.KLT.DINV.CD,-137700000
Haiti,HTI,"Foreign direct investment, net (BoP, current US$)",BN.KLT.DINV.CD,-105680000
Heavily indebted poor countries (HIPC),HPC,"Foreign direct investment, net (BoP, current US$)",BN.KLT.DINV.CD,..
High income,HIC,"Foreign direct investment, net (BoP, current US$)",BN.KLT.DINV.CD,..
Honduras,HND,"Foreign direct investment, net (BoP, current US$)",BN.KLT.DINV.CD,-951580322.068714
"Hong Kong SAR, China",HKG,"Foreign direct investment, net (BoP, current US$)",BN.KLT.DINV.CD,-102532361408.386
Hungary,HUN,"Foreign direct investment, net (BoP, current US$)",BN.KLT.DINV.CD,-2672663288.52727
IBRD only,IBD,"Foreign direct investment, net (BoP, current US$)",BN.KLT.DINV.CD,..
Iceland,ISL,"Foreign direct investment, net (BoP, current US$)",BN.KLT.DINV.CD,-695187948.262079
IDA & IBRD total,IBT,"Foreign direct investment, net (BoP, current US$)",BN.KLT.DINV.CD,..
IDA blend,IDB,"Foreign direct investment, net (BoP, current US$)",BN.KLT.DINV.CD,..
IDA only,IDX,"Foreign direct investment, net (BoP, current US$)",BN.KLT.DINV.CD,..
IDA total,IDA,"Foreign direct investment, net (BoP, current US$)",BN.KLT.DINV.CD,..
India,IND,"Foreign direct investment, net (BoP, current US$)",BN.KLT.DINV.CD,-36495216490.7242
Indonesia,IDN,"Foreign direct investment, net (BoP, current US$)",BN.KLT.DINV.CD,-10704478316.6269
"Iran, Islamic Rep.",IRN,"Foreign direct investment, net (BoP, current US$)",BN.KLT.DINV.CD,..
Iraq,IRQ,"Foreign direct investment, net (BoP, current US$)",BN.KLT.DINV.CD,7721900000
Ireland,IRL,"Foreign direct investment, net (BoP, current US$)",BN.KLT.DINV.CD,-45344654145.2982
Isle of Man,IMN,"Foreign direct investment, net (BoP, current US$)",BN.KLT.DINV.CD,..
Israel,ISR,"Foreign direct investment, net (BoP, current US$)",BN.KLT.DINV.CD,-367800000
Italy,ITA,"Foreign direct investment, net (BoP, current US$)",BN.KLT.DINV.CD,2120880782.65147
Jamaica,JAM,"Foreign direct investment, net (BoP, current US$)",BN.KLT.DINV.CD,-890764824.970039
Japan,JPN,"Foreign direct investment, net (BoP, current US$)",BN.KLT.DINV.CD,133162791214.283
Jordan,JOR,"Foreign direct investment, net (BoP, current US$)",BN.KLT.DINV.CD,-1599295774.64789
Kazakhstan,KAZ,"Foreign direct investment, net (BoP, current US$)",BN.KLT.DINV.CD,-3261447511.679
Kenya,KEN,"Foreign direct investment, net (BoP, current US$)",BN.KLT.DINV.CD,-377731883.379769
Kiribati,KIR,"Foreign direct investment, net (BoP, current US$)",BN.KLT.DINV.CD,941845.936180186
"Korea, Dem. People's Rep.",PRK,"Foreign direct investment, net (BoP, current US$)",BN.KLT.DINV.CD,..
"Korea, Rep.",KOR,"Foreign direct investment, net (BoP, current US$)",BN.KLT.DINV.CD,19583000000
Kosovo,XKX,"Foreign direct investment, net (BoP, current US$)",BN.KLT.DINV.CD,-302274785.990721
Kuwait,KWT,"Foreign direct investment, net (BoP, current US$)",BN.KLT.DINV.CD,5154974475.20378
Kyrgyz Republic,KGZ,"Foreign direct investment, net (BoP, current US$)",BN.KLT.DINV.CD,-1009094000
Lao PDR,LAO,"Foreign direct investment, net (BoP, current US$)",BN.KLT.DINV.CD,-1038062946.92912
Late-demographic dividend,LTE,"Foreign direct investment, net (BoP, current US$)",BN.KLT.DINV.CD,..
Latin America & Caribbean,LCN,"Foreign direct investment, net (BoP, current US$)",BN.KLT.DINV.CD,..
Latin America & Caribbean (excluding high income),LAC,"Foreign direct investment, net (BoP, current US$)",BN.KLT.DINV.CD,..
Latin America & the Caribbean (IDA & IBRD countries),TLA,"Foreign direct investment, net (BoP, current US$)",BN.KLT.DINV.CD,..
Latvia,LVA,"Foreign direct investment, net (BoP, current US$)",BN.KLT.DINV.CD,-669889910.960656
Least developed countries: UN classification,LDC,"Foreign direct investment, net (BoP, current US$)",BN.KLT.DINV.CD,..
Lebanon,LBN,"Foreign direct investment, net (BoP, current US$)",BN.KLT.DINV.CD,-1499077656.4
Lesotho,LSO,"Foreign direct investment, net (BoP, current US$)",BN.KLT.DINV.CD,-113220010.397593
Liberia,LBR,"Foreign direct investment, net (BoP, current US$)",BN.KLT.DINV.CD,-232679832.473779
Libya,LBY,"Foreign direct investment, net (BoP, current US$)",BN.KLT.DINV.CD,394900000
Liechtenstein,LIE,"Foreign direct investment, net (BoP, current US$)",BN.KLT.DINV.CD,..
Lithuania,LTU,"Foreign direct investment, net (BoP, current US$)",BN.KLT.DINV.CD,-680317054.687213
Low & middle income,LMY,"Foreign direct investment, net (BoP, current US$)",BN.KLT.DINV.CD,..
Low income,LIC,"Foreign direct investment, net (BoP, current US$)",BN.KLT.DINV.CD,..
Lower middle income,LMC,"Foreign direct investment, net (BoP, current US$)",BN.KLT.DINV.CD,..
Luxembourg,LUX,"Foreign direct investment, net (BoP, current US$)",BN.KLT.DINV.CD,79403740324.0255
"Macao SAR, China",MAC,"Foreign direct investment, net (BoP, current US$)",BN.KLT.DINV.CD,-658054977.710649
Madagascar,MDG,"Foreign direct investment, net (BoP, current US$)",BN.KLT.DINV.CD,-246135354.480032
Malawi,MWI,"Foreign direct investment, net (BoP, current US$)",BN.KLT.DINV.CD,-292852668.829506
Malaysia,MYS,"Foreign direct investment, net (BoP, current US$)",BN.KLT.DINV.CD,684808753.488057
Maldives,MDV,"Foreign direct investment, net (BoP, current US$)",BN.KLT.DINV.CD,-297975993.392527
Mali,MLI,"Foreign direct investment, net (BoP, current US$)",BN.KLT.DINV.CD,-193153992.706279
Malta,MLT,"Foreign direct investment, net (BoP, current US$)",BN.KLT.DINV.CD,-10232703292.3804
Marshall Islands,MHL,"Foreign direct investment, net (BoP, current US$)",BN.KLT.DINV.CD,5393638.49927042
Mauritania,MRT,"Foreign direct investment, net (BoP, current US$)",BN.KLT.DINV.CD,-501726765.733819
Mauritius,MUS,"Foreign direct investment, net (BoP, current US$)",BN.KLT.DINV.CD,-4506901282.31091
Mexico,MEX,"Foreign direct investment, net (BoP, current US$)",BN.KLT.DINV.CD,-25272769888
"Micronesia, Fed. Sts.",FSM,"Foreign direct investment, net (BoP, current US$)",BN.KLT.DINV.CD,..
"Middle East, North Africa, Afghanistan & Pakistan",MEA,"Foreign direct investment, net (BoP, current US$)",BN.KLT.DINV.CD,..
"Middle East, North Africa, Afghanistan & Pakistan (excluding high income)",MNA,"Foreign direct investment, net (BoP, current US$)",BN.KLT.DINV.CD,..
"Middle East, North Africa, Afghanistan & Pakistan (IDA & IBRD)",TMN,"Foreign direct investment, net (BoP, current US$)",BN.KLT.DINV.CD,..
Middle income,MIC,"Foreign direct investment, net (BoP, current US$)",BN.KLT.DINV.CD,..
Moldova,MDA,"Foreign direct investment, net (BoP, current US$)",BN.KLT.DINV.CD,-218560000
Monaco,MCO,"Foreign direct investment, net (BoP, current US$)",BN.KLT.DINV.CD,..
Mongolia,MNG,"Foreign direct investment, net (BoP, current US$)",BN.KLT.DINV.CD,-82911241.9430886
Montenegro,MNE,"Foreign direct investment, net (BoP, current US$)",BN.KLT.DINV.CD,-687462796.042968
Morocco,MAR,"Foreign direct investment, net (BoP, current US$)",BN.KLT.DINV.CD,-2596320889.57118
Mozambique,MOZ,"Foreign direct investment, net (BoP, current US$)",BN.KLT.DINV.CD,-3866831986.83
Myanmar,MMR,"Foreign direct investment, net (BoP, current US$)",BN.KLT.DINV.CD,-4083839111.71186
Namibia,NAM,"Foreign direct investment, net (BoP, current US$)",BN.KLT.DINV.CD,-734559243.831139
Nauru,NRU,"Foreign direct investment, net (BoP, current US$)",BN.KLT.DINV.CD,4437826.97410341
Nepal,NPL,"Foreign direct investment, net (BoP, current US$)",BN.KLT.DINV.CD,-51895699.9282915
New Caledonia,NCL,"Foreign direct investment, net (BoP, current US$)",BN.KLT.DINV.CD,-1145991624.77407
New Zealand,NZL,"Foreign direct investment, net (BoP, current US$)",BN.KLT.DINV.CD,57648272.7633066
Nicaragua,NIC,"Foreign direct investment, net (BoP, current US$)",BN.KLT.DINV.CD,-922000000
Niger,NER,"Foreign direct investment, net (BoP, current US$)",BN.KLT.DINV.CD,-495338338.194746
Nigeria,NGA,"Foreign direct investment, net (BoP, current US$)",BN.KLT.DINV.CD,-1628965267.75883
North America,NAC,"Foreign direct investment, net (BoP, current US$)",BN.KLT.DINV.CD,..
North Macedonia,MKD,"Foreign direct investment, net (BoP, current US$)",BN.KLT.DINV.CD,-230313801.403733
Northern Mariana Islands,MNP,"Foreign direct investment, net (BoP, current US$)",BN.KLT.DINV.CD,..
Norway,NOR,"Foreign direct investment, net (BoP, current US$)",BN.KLT.DINV.CD,14150870886.9077
Not classified,INX,"Foreign direct investment, net (BoP, current US$)",BN.KLT.DINV.CD,..
OECD members,OED,"Foreign direct investment, net (BoP, current US$)",BN.KLT.DINV.CD,..
Oman,OMN,"Foreign direct investment, net (BoP, current US$)",BN.KLT.DINV.CD,2507412223.6671
Other small states,OSS,"Foreign direct investment, net (BoP, current US$)",BN.KLT.DINV.CD,..
Pacific island small states,PSS,"Foreign direct investment, net (BoP, current US$)",BN.KLT.DINV.CD,..
Pakistan,PAK,"Foreign direct investment, net (BoP, current US$)",BN.KLT.DINV.CD,-1648000000
Palau,PLW,"Foreign direct investment, net (BoP, current US$)",BN.KLT.DINV.CD,-34583158.147185
Panama,PAN,"Foreign direct investment, net (BoP, current US$)",BN.KLT.DINV.CD,-3972100000
Papua New Guinea,PNG,"Foreign direct investment, net (BoP, current US$)",BN.KLT.DINV.CD,-38653555.796989
Paraguay,PRY,"Foreign direct investment, net (BoP, current US$)",BN.KLT.DINV.CD,-320658410.194967
Peru,PER,"Foreign direct investment, net (BoP, current US$)",BN.KLT.DINV.CD,-7999614643.01505
Philippines,PHL,"Foreign direct investment, net (BoP, current US$)",BN.KLT.DINV.CD,-99650560.9468141
Poland,POL,"Foreign direct investment, net (BoP, current US$)",BN.KLT.DINV.CD,-10753000000
Portugal,PRT,"Foreign direct investment, net (BoP, current US$)",BN.KLT.DINV.CD,-2170813299.92913
Post-demographic dividend,PST,"Foreign direct investment, net (BoP, current US$)",BN.KLT.DINV.CD,..
Pre-demographic dividend,PRE,"Foreign direct investment, net (BoP, current US$)",BN.KLT.DINV.CD,..
Puerto Rico (US),PRI,"Foreign direct investment, net (BoP, current US$)",BN.KLT.DINV.CD,..
Qatar,QAT,"Foreign direct investment, net (BoP, current US$)",BN.KLT.DINV.CD,2952472527.47253
Romania,ROU,"Foreign direct investment, net (BoP, current US$)",BN.KLT.DINV.CD,-3287699498.3186
Russian Federation,RUS,"Foreign direct investment, net (BoP, current US$)",BN.KLT.DINV.CD,15232100000
Rwanda,RWA,"Foreign direct investment, net (BoP, current US$)",BN.KLT.DINV.CD,-158630539.608002
Samoa,WSM,"Foreign direct investment, net (BoP, current US$)",BN.KLT.DINV.CD,-23162686.3233541
San Marino,SMR,"Foreign direct investment, net (BoP, current US$)",BN.KLT.DINV.CD,..
Sao Tome and Principe,STP,"Foreign direct investment, net (BoP, current US$)",BN.KLT.DINV.CD,-25269253.0202041
Saudi Arabia,SAU,"Foreign direct investment, net (BoP, current US$)",BN.KLT.DINV.CD,1419284248.71197
Senegal,SEN,"Foreign direct investment, net (BoP, current US$)",BN.KLT.DINV.CD,-377802064.408017
Serbia,SRB,"Foreign direct investment, net (BoP, current US$)",BN.KLT.DINV.CD,-1998858559.50201
Seychelles,SYC,"Foreign direct investment, net (BoP, current US$)",BN.KLT.DINV.CD,-192959276.437493
Sierra Leone,SLE,"Foreign direct investment, net (BoP, current US$)",BN.KLT.DINV.CD,-252435829.433901
Singapore,SGP,"Foreign direct investment, net (BoP, current US$)",BN.KLT.DINV.CD,-24551342898.187
Sint Maarten (Dutch part),SXM,"Foreign direct investment, net (BoP, current US$)",BN.KLT.DINV.CD,-27664804.4692737
Slovak Republic,SVK,"Foreign direct investment, net (BoP, current US$)",BN.KLT.DINV.CD,-102085992.193631
Slovenia,SVN,"Foreign direct investment, net (BoP, current US$)",BN.KLT.DINV.CD,-1404352737.77462
Small states,SST,"Foreign direct investment, net (BoP, current US$)",BN.KLT.DINV.CD,..
Solomon Islands,SLB,"Foreign direct investment, net (BoP, current US$)",BN.KLT.DINV.CD,-27508876.5557426
"Somalia, Fed. Rep.",SOM,"Foreign direct investment, net (BoP, current US$)",BN.KLT.DINV.CD,..
South Africa,ZAF,"Foreign direct investment, net (BoP, current US$)",BN.KLT.DINV.CD,3993788900.72149
South Asia,SAS,"Foreign direct investment, net (BoP, current US$)",BN.KLT.DINV.CD,..
South Asia (IDA & IBRD),TSA,"Foreign direct investment, net (BoP, current US$)",BN.KLT.DINV.CD,..
South Sudan,SSD,"Foreign direct investment, net (BoP, current US$)",BN.KLT.DINV.CD,-1180000
Spain,ESP,"Foreign direct investment, net (BoP, current US$)",BN.KLT.DINV.CD,34437179268.2344
Sri Lanka,LKA,"Foreign direct investment, net (BoP, current US$)",BN.KLT.DINV.CD,-626668319.790231
St. Kitts and Nevis,KNA,"Foreign direct investment, net (BoP, current US$)",BN.KLT.DINV.CD,-133211670
St. Lucia,LCA,"Foreign direct investment, net (BoP, current US$)",BN.KLT.DINV.CD,-128965525.35938
St. Martin (French part),MAF,"Foreign direct investment, net (BoP, current US$)",BN.KLT.DINV.CD,..
St. Vincent and the Grenadines,VCT,"Foreign direct investment, net (BoP, current US$)",BN.KLT.DINV.CD,-115778056.464815
Sub-Saharan Africa,SSF,"Foreign direct investment, net (BoP, current US$)",BN.KLT.DINV.CD,..
Sub-Saharan Africa (excluding high income),SSA,"Foreign direct investment, net (BoP, current US$)",BN.KLT.DINV.CD,..
Sub-Saharan Africa (IDA & IBRD countries),TSS,"Foreign direct investment, net (BoP, current US$)",BN.KLT.DINV.CD,..
Sudan,SDN,"Foreign direct investment, net (BoP, current US$)",BN.KLT.DINV.CD,-1728373403.43067
Suriname,SUR,"Foreign direct investment, net (BoP, current US$)",BN.KLT.DINV.CD,-266741455.98756
Sweden,SWE,"Foreign direct investment, net (BoP, current US$)",BN.KLT.DINV.CD,4491589833.52279
Switzerland,CHE,"Foreign direct investment, net (BoP, current US$)",BN.KLT.DINV.CD,7382490805.01529
Syrian Arab Republic,SYR,"Foreign direct investment, net (BoP, current US$)",BN.KLT.DINV.CD,..
Tajikistan,TJK,"Foreign direct investment, net (BoP, current US$)",BN.KLT.DINV.CD,-454012320
Tanzania,TZA,"Foreign direct investment, net (BoP, current US$)",BN.KLT.DINV.CD,-1506024896.011
Thailand,THA,"Foreign direct investment, net (BoP, current US$)",BN.KLT.DINV.CD,-3936528344.15842
Timor-Leste,TLS,"Foreign direct investment, net (BoP, current US$)",BN.KLT.DINV.CD,-30328700
Togo,TGO,"Foreign direct investment, net (BoP, current US$)",BN.KLT.DINV.CD,90793247.4664581
Tonga,TON,"Foreign direct investment, net (BoP, current US$)",BN.KLT.DINV.CD,-14831416.3303295
Trinidad and Tobago,TTO,"Foreign direct investment, net (BoP, current US$)",BN.KLT.DINV.CD,-48490372.097155
Tunisia,TUN,"Foreign direct investment, net (BoP, current US$)",BN.KLT.DINV.CD,-970521888.740203
Turkiye,TUR,"Foreign direct investment, net (BoP, current US$)",BN.KLT.DINV.CD,-14167000000
Turkmenistan,TKM,"Foreign direct investment, net (BoP, current US$)",BN.KLT.DINV.CD,..
Turks and Caicos Islands,TCA,"Foreign direct investment, net (BoP, current US$)",BN.KLT.DINV.CD,69863000
Tuvalu,TUV,"Foreign direct investment, net (BoP, current US$)",BN.KLT.DINV.CD,0
Uganda,UGA,"Foreign direct investment, net (BoP, current US$)",BN.KLT.DINV.CD,-737369521.053034
Ukraine,UKR,"Foreign direct investment, net (BoP, current US$)",BN.KLT.DINV.CD,236000000
United Arab Emirates,ARE,"Foreign direct investment, net (BoP, current US$)",BN.KLT.DINV.CD,..
United Kingdom,GBR,"Foreign direct investment, net (BoP, current US$)",BN.KLT.DINV.CD,-105510499552.5
United States,USA,"Foreign direct investment, net (BoP, current US$)",BN.KLT.DINV.CD,-209363000000
Upper middle income,UMC,"Foreign direct investment, net (BoP, current US$)",BN.KLT.DINV.CD,..
Uruguay,URY,"Foreign direct investment, net (BoP, current US$)",BN.KLT.DINV.CD,-774700169.74299
Uzbekistan,UZB,"Foreign direct investment, net (BoP, current US$)",BN.KLT.DINV.CD,-1036625230.27393
Vanuatu,VUT,"Foreign direct investment, net (BoP, current US$)",BN.KLT.DINV.CD,-29733139.6027792
"Venezuela, RB",VEN,"Foreign direct investment, net (BoP, current US$)",BN.KLT.DINV.CD,-370000000
Viet Nam,VNM,"Foreign direct investment, net (BoP, current US$)",BN.KLT.DINV.CD,-10700000000
Virgin Islands (U.S.),VIR,"Foreign direct investment, net (BoP, current US$)",BN.KLT.DINV.CD,..
West Bank and Gaza,PSE,"Foreign direct investment, net (BoP, current US$)",BN.KLT.DINV.CD,-29667905.7223233
World,WLD,"Foreign direct investment, net (BoP, current US$)",BN.KLT.DINV.CD,..
"Yemen, Rep.",YEM,"Foreign direct investment, net (BoP, current US$)",BN.KLT.DINV.CD,15444808.3545508
Zambia,ZMB,"Foreign direct investment, net (BoP, current US$)",BN.KLT.DINV.CD,-1724246017.62667
Zimbabwe,ZWE,"Foreign direct investment, net (BoP, current US$)",BN.KLT.DINV.CD,-399200000
,,,,
,,,,
,,,,
Data from database: World Development Indicators,,,,
Last Updated: 10/07/2025,,,,
